accident_index,longitude,latitude,cluster
2020160914781,-0.331047,53.747751,3
2020160914930,-0.393424,53.744936,3
2020160915008,-0.528743,53.512895,4
2020160915028,-0.324858,53.79163,3
2020160915041,-0.095008,53.574501,5
2020160915047,-0.327733,53.767805,3
2020160915311,-0.078215,53.553782,5
2020160915332,-0.309102,53.75041,3
2020160915337,-0.335481,53.77754,3
2020160915489,-0.832277,53.609396,4
2020160915561,-0.335628,53.859763,3
2020160915568,-0.446641,54.026447,2
2020160915590,-0.106136,53.548896,5
2020160916018,-0.233784,53.722959,3
2020160916437,-0.400675,53.761627,3
2020160916464,-0.361446,53.743289,3
2020160916588,-0.68438,53.584418,4
2020160916619,-0.395782,53.735969,3
2020160916644,-0.339578,53.603539,3
2020160916840,-0.889533,53.704348,1
2020160916924,-0.448924,53.683156,3
2020160917047,-0.100085,53.541105,5
2020160917084,-0.43221,54.039967,2
2020160917097,-0.09145,53.569321,5
2020160917102,-0.099618,53.568363,5
2020160917446,-0.288715,53.861674,3
2020160917479,-0.387396,53.743551,3
2020160917506,-0.721688,53.57604,4
2020160917524,-0.116111,53.580553,5
2020160917529,-0.837922,53.932848,1
2020160917546,-0.034582,53.552264,5
2020160917561,-0.364669,53.700887,3
2020160917563,-0.367902,53.695609,3
2020160917567,-0.01368,53.54666,5
2020160917650,-0.091662,53.557898,5
2020160917819,-0.475046,53.759755,3
2020160917908,-0.344794,53.768032,3
2020160917927,-0.327287,53.767951,3
2020160917936,-0.832815,53.690712,1
2020160917938,-0.346067,53.761497,3
2020160917943,-0.324394,53.807867,3
2020160917957,-0.661,53.588105,4
2020160917993,-0.274585,53.751842,3
2020160918084,-0.31659,53.76417,3
2020160918102,-0.542129,53.539442,4
2020160918137,0.023263,53.730483,5
2020160918170,-0.194271,54.091148,2
2020160918206,-0.162525,53.717887,5
2020160918268,-0.066176,53.56985,5
2020160918269,-0.598677,53.762055,4
2020160918273,-0.051238,53.555422,5
2020160918296,-0.294842,53.754622,3
2020160918418,-0.400627,53.74452,3
2020160918462,-0.612097,53.456973,4
2020160918474,-0.731782,53.753398,1
2020160918593,-0.639736,53.569986,4
2020160918618,-0.303672,53.774892,3
2020160918731,-0.057476,53.534928,5
2020160918773,-0.641537,53.65471,4
2020160918801,-0.264169,53.776403,3
2020160918953,-0.394035,53.746409,3
2020160919666,-0.377269,53.743882,3
2020160919739,-0.577988,53.646016,4
2020160920021,-0.410532,53.753695,3
2020160920119,-0.055314,53.5617,5
2020160920236,-0.363477,53.743308,3
2020160920484,-0.333871,53.772969,3
2020160920648,-0.424148,53.844985,3
2020160920663,-0.373176,53.743845,3
2020160920669,-0.652805,53.579752,4
2020160920672,-0.341185,53.783372,3
2020160920674,-0.274591,53.762422,3
2020160920714,-0.064763,53.574996,5
2020160920950,-0.211803,54.143923,2
2020160920990,-0.067683,53.533781,5
2020160921054,-0.356452,53.736794,3
2020160921089,-0.339953,53.748432,3
2020160921227,-0.359996,53.585212,3
2020160921269,-0.09569,53.552272,5
2020160921325,-0.182158,54.09751,2
2020160921543,-0.323045,53.785717,3
2020160921572,-0.364282,53.775284,3
2020160921603,-0.429852,53.719177,3
2020160921768,-0.342235,53.767889,3
2020160921781,-0.616905,53.568996,4
2020160921787,-0.303453,53.76038,3
2020160921814,-0.139236,53.732208,5
2020160921885,-0.196679,54.090978,2
2020160921952,-0.39951,53.756371,3
2020160922060,-0.644842,53.584588,4
2020160922085,-0.342665,53.777783,3
2020160922186,-0.344244,53.794362,3
2020160922266,-0.330975,53.74766,3
2020160922273,-0.076309,53.561527,5
2020160922288,-0.324792,53.74832,3
2020160922305,-0.327089,53.767984,3
2020160922661,-0.436301,53.842339,3
2020160922679,-0.421446,53.734034,3
2020160922688,-0.284942,53.765294,3
2020160922713,-0.457082,53.929864,3
2020160922715,-0.373463,53.752496,3
2020160922744,-0.706542,53.555167,4
2020160922750,-0.479137,53.855636,3
2020160922763,-0.327291,53.770918,3
2020160922953,-0.381704,53.740149,3
2020160922995,-0.357095,53.758799,3
2020160923185,-0.307572,53.787351,3
2020160923186,-0.861078,53.920396,1
2020160923205,-0.210107,54.095196,2
2020160923285,-0.919243,53.856156,1
2020160923310,-0.678809,53.770201,1
2020160923352,-0.068582,53.562778,5
2020160923417,-0.400111,53.736953,3
2020160923438,-0.834156,53.494923,4
2020160923442,-0.306821,53.758109,3
2020160923463,-0.413993,53.784635,3
2020160923580,-0.098932,53.569853,5
2020160923703,-0.443121,53.816217,3
2020160923759,-0.46349,53.718103,3
2020160923832,-0.375015,53.67806,3
2020160923857,-0.207788,53.737261,3
2020160923895,-0.277236,53.763782,3
2020160923994,-0.877985,53.708519,1
2020160924076,-0.073408,53.559584,5
2020160924162,-0.557632,53.54861,4
2020160924201,-0.913495,53.991187,1
2020160924215,-0.122916,53.554815,5
2020160924335,-0.648662,53.561871,4
2020160924349,-0.216042,53.738562,3
2020160924411,-0.123145,53.554432,5
2020160924413,-0.104812,53.566701,5
2020160924423,-0.372024,54.036858,2
2020160924491,-0.34318,53.743883,3
2020160924544,-0.092627,53.552223,5
2020160924609,-0.090295,53.541668,5
2020160924635,-0.118151,53.562525,5
2020160924798,-0.376743,53.782312,3
2020160924847,-0.633059,53.818883,1
2020160924863,-0.361901,53.753399,3
2020160924910,-0.383149,53.762147,3
2020160925069,-0.050043,53.551861,5
2020160925205,-0.371502,53.729098,3
2020160925273,-0.057671,53.573542,5
2020160925276,-0.357077,53.737099,3
2020160925281,-0.175291,53.903126,2
2020160925296,-0.435471,53.730289,3
2020160925311,-0.091661,53.548531,5
2020160925362,-0.080474,53.574602,5
2020160925645,-0.47995,53.837812,3
2020160925652,-0.342286,53.743493,3
2020160925681,-0.230815,53.611582,5
2020160925796,-0.466862,53.789143,3
2020160925827,-0.497359,53.558502,4
2020160925831,-0.071254,53.568449,5
2020160925832,-0.870397,53.709571,1
2020160925853,-0.042329,53.566604,5
2020160925879,-0.02554,53.559055,5
2020160925905,-0.345328,53.629274,3
2020160925957,-0.168266,53.540855,5
2020160925961,-0.170232,53.822739,3
2020160925975,-0.454971,54.108565,2
2020160926142,-0.30789,53.759805,3
2020160926191,-0.781725,53.928929,1
2020160926214,-0.473879,53.837996,3
2020160926261,-0.358705,53.764583,3
2020160926289,-0.202563,54.087164,2
2020160926452,-0.206537,54.09606,2
2020160926486,-0.348939,53.757114,3
2020160926579,-0.02338,53.55715,5
2020160926683,-0.378099,53.812111,3
2020160926759,-0.311699,53.784362,3
2020160926762,-0.107568,53.557063,5
2020160926774,-0.455029,54.108647,2
2020160926984,-0.457088,53.906988,3
2020160927000,-0.2866,53.614461,3
2020160927001,-0.364096,53.74337,3
2020160927027,-0.671458,53.52146,4
2020160927377,-0.635651,53.562712,4
2020160927430,-0.451456,53.796927,3
2020160927455,-0.307634,53.774112,3
2020160927463,-0.097904,53.571896,5
2020160927687,-0.097206,53.575004,5
2020160927768,-0.05824,53.56573,5
2020160927937,-0.218161,54.094596,2
2020160927950,-0.649219,53.570471,4
2020160928034,-0.352437,53.638199,3
2020160928063,-0.041106,53.558736,5
2020160928113,-0.455566,53.904091,3
2020160928123,-0.358968,53.762124,3
2020160928202,-0.653959,53.586219,4
2020160928226,-0.67908,53.770258,1
2020160928247,-0.060474,53.563753,5
2020160928272,-0.806313,53.62051,4
2020160928288,-0.395307,53.777097,3
2020160928507,-0.312685,53.791963,3
2020160928543,-0.079494,53.553559,5
2020160928838,-0.425837,53.838859,3
2020160929197,-0.07578,53.557554,5
2020160929229,-0.125941,53.570414,5
2020160929238,-0.326648,53.764958,3
2020160929247,-0.343666,53.748492,3
2020160929252,-0.855926,53.548608,4
2020160929284,-0.295058,53.754166,3
2020160929329,-0.662011,53.594364,4
2020160929439,-0.091982,53.566228,5
2020160929454,-0.87981,53.705992,1
2020160929483,-0.373578,53.754242,3
2020160929631,-0.374776,53.729115,3
2020160929646,-0.434453,53.720577,3
2020160929719,-0.665973,53.558731,4
2020160929771,-0.256801,53.762309,3
2020160930068,-0.360679,53.768826,3
2020160930107,-0.63259,53.565869,4
2020160930177,-0.173224,53.593942,5
2020160930198,-0.604488,53.456614,4
2020160930269,-0.435599,53.73012,3
2020160930422,-0.035756,53.560824,5
2020160930471,-0.55788,53.567949,4
2020160930472,-0.598952,53.762481,4
2020160930497,-0.494868,54.018818,2
2020160930596,-0.197249,54.079597,2
2020160930609,-0.0461,53.568329,5
2020160930862,-0.331667,53.747427,3
2020160930924,-0.616004,53.566972,4
2020160931064,-0.099672,53.550654,5
2020160931102,-0.627612,53.569425,4
2020160931119,-0.353685,53.768416,3
2020160931129,-0.132312,53.763571,5
2020160931142,-0.307901,53.912672,2
2020160931334,-0.359943,53.751503,3
2020160931392,-0.462854,53.722239,3
2020160931535,-0.348807,53.748887,3
2020160931671,-0.377446,53.989354,2
2020160931699,-0.065336,53.574026,5
2020160931953,-0.071752,53.517314,5
2020160932091,-0.615137,53.566243,4
2020160932224,-0.322964,53.743575,3
2020160932324,-0.423282,53.72791,3
2020160932396,-0.348216,53.753517,3
2020160932408,-0.442538,54.110122,2
2020160933167,-0.125291,53.571447,5
2020160933225,-0.654172,53.590959,4
2020160933230,-0.056675,53.571539,5
2020160933281,-0.283573,53.758326,3
2020160933368,-0.066232,53.523239,5
2020160933380,-0.555334,53.515907,4
2020160933383,-0.533235,53.957757,3
2020160933388,-0.916294,53.706399,1
2020160933393,-0.461028,54.108175,2
2020160933472,-0.321441,53.74412,3
2020160933492,-0.546889,53.557316,4
2020160933501,-0.819198,53.58622,4
2020160933895,-0.65281,53.593407,4
2020160933982,-0.2745,53.751328,3
2020160934117,-0.490904,53.553639,4
2020160934213,-0.297884,53.747285,3
2020160934214,-0.233718,54.078277,2
2020160934349,-0.37354,53.795671,3
2020160934412,-0.178702,53.536116,5
2020160934420,-0.878665,53.725091,1
2020160934421,-0.451139,53.64384,3
2020160934580,-0.076523,53.522866,5
2020160934743,-0.309851,53.746879,3
2020160934801,-0.298432,53.747607,3
2020160935092,-0.443675,53.689164,3
2020160935145,-0.377501,53.744928,3
2020160935170,-0.125436,53.550755,5
2020160935195,-0.954354,53.712957,1
2020160935206,-0.447928,53.664113,3
2020160935294,-0.370008,53.789259,3
2020160935324,-0.841138,53.469956,4
2020160935334,-0.278737,53.769745,3
2020160935350,-0.625801,53.560065,4
2020160935359,-0.352032,53.764528,3
2020160935367,-0.554109,53.494732,4
2020160935383,-0.082359,53.560644,5
2020160935419,-0.204347,53.756087,3
2020160935470,-0.356653,53.750685,3
2020160935710,-0.293866,53.757368,3
2020160935801,-0.31277,53.754255,3
2020160935867,-0.319347,53.780623,3
2020160935905,-0.356687,53.762254,3
2020160936070,-0.661,53.588096,4
2020160936260,-0.816141,53.55667,4
2020160936284,-0.250391,53.610494,5
2020160936569,-0.868692,53.705366,1
2020160936610,-0.395992,53.750364,3
2020160936658,-0.091433,53.546226,5
2020160936668,-0.351973,53.764482,3
2020160936771,-0.094782,53.563414,5
2020160936879,-0.400523,53.744482,3
2020160936897,-0.37449,53.740051,3
2020160936925,-0.36013,53.753708,3
2020160936934,-0.188867,54.085692,2
2020160936971,-0.273181,53.7602,3
2020160936986,-0.891719,53.810289,1
2020160936996,-0.373628,53.754512,3
2020160937032,-0.434787,53.727071,3
2020160937042,-0.644614,53.577538,4
2020160937168,-0.916304,53.849253,1
2020160937217,-0.653609,53.575357,4
2020160937336,-0.814399,53.522828,4
2020160937382,-0.075217,53.521712,5
2020160937421,-0.395881,53.750488,3
2020160937437,-0.6318,53.57724,4
2020160937438,-0.080638,53.498902,5
2020160937462,-0.35966,53.754483,3
2020160937464,-0.968944,53.684482,1
2020160937631,-0.449608,53.66702,3
2020160937686,-0.202758,54.096794,2
2020160937687,-0.862659,53.742558,1
2020160937709,-0.335979,53.82597,3
2020160937728,-0.087026,53.556934,5
2020160937922,-0.327832,53.796652,3
2020160937940,-0.07483,53.521607,5
2020160937977,-0.379882,53.736663,3
2020160938099,-0.196374,53.765874,3
2020160938106,-0.399556,53.729619,3
2020160938117,-0.349504,53.760106,3
2020160938245,-0.382806,53.790026,3
2020160938353,-0.393145,53.744285,3
2020160938360,-0.366934,53.778511,3
2020160938395,-0.285656,53.765269,3
2020160938415,-0.387321,53.73244,3
2020160938528,-0.201936,53.760339,3
2020160938585,-0.06999,53.566675,5
2020160938644,-0.19193,54.093288,2
2020160938664,-0.068088,53.763615,5
2020160938743,-0.878749,53.713389,1
2020160938933,-0.391897,53.731297,3
2020160938953,-0.631503,53.568652,4
2020160938959,-0.327615,53.770787,3
2020160938964,-0.322888,53.783926,3
2020160939001,-0.337956,53.756369,3
2020160939345,-0.654322,53.580506,4
2020160939410,-0.563073,53.934369,3
2020160939441,-0.642079,53.598697,4
2020160939488,-0.378523,53.812539,3
2020160939584,-0.042547,53.754301,5
2020160939740,-0.663891,53.607104,4
2020160939756,-0.479028,53.723453,3
2020160939792,-0.439238,53.999494,2
2020160939919,-0.368286,53.730339,3
2020160939936,-0.654534,53.590954,4
2020160940001,-0.38614,53.747831,3
2020160940047,-0.538013,53.774239,3
2020160940423,-0.420339,53.580621,3
2020160940605,-0.314643,53.750272,3
2020160940655,-0.310312,53.770158,3
2020160940783,-0.068686,53.513426,5
2020160940940,-0.874759,53.70678,1
2020160940971,-0.294781,53.754621,3
2020160941002,-0.387059,53.784015,3
2020160941050,-0.077389,53.561697,5
2020160941068,-0.058958,53.564888,5
2020160941082,-0.350344,53.761898,3
2020160941109,-0.331434,53.747559,3
2020160941122,-0.40817,53.779264,3
2020160941246,-0.552395,53.476463,4
2020160941355,-0.231345,53.993774,2
2020160941374,-0.496017,53.851741,3
2020160941383,-0.831865,53.608978,4
2020160941395,-0.092354,53.552264,5
2020160941407,-0.298903,53.747578,3
2020160941437,-0.317001,53.775897,3
2020160941655,-0.654012,53.586463,4
2020160941657,-0.332275,53.740496,3
2020160941763,-0.682887,53.575116,4
2020160941849,-0.310779,53.76683,3
2020160941868,-0.633454,53.567613,4
2020160941883,-0.044371,53.567833,5
2020160941948,-0.447032,53.716866,3
2020160941965,-0.034691,53.701926,5
2020160941968,-0.35368,53.767391,3
2020160941970,-0.570531,53.95728,3
2020160942242,-0.824837,53.511928,4
2020160942888,-0.357021,53.736586,3
2020160942890,-0.681062,53.592499,4
2020160942893,-0.327707,53.764254,3
2020160942920,-0.171261,53.798403,3
2020160942923,-0.764399,53.70866,1
2020160943154,-0.349294,53.758899,3
2020160943289,-0.362775,53.787884,3
2020160943341,-0.261361,53.778259,3
2020160943368,-0.659363,53.590685,4
2020160943399,-0.250524,53.745048,3
2020160943456,-0.34682,53.748509,3
2020160943502,-0.392604,53.744961,3
2020160943523,-0.393393,53.744935,3
2020160943563,-0.414204,53.839425,3
2020160943569,-0.124493,53.550911,5
2020160943585,-0.031768,53.560533,5
2020160943593,-0.384086,53.815598,3
2020160943600,-0.592563,53.655402,4
2020160943703,-0.568768,53.740002,4
2020160943728,-0.396842,53.738788,3
2020160943839,-0.415732,53.850906,3
2020160943885,-0.78044,53.929653,1
2020160943910,-0.328407,53.759616,3
2020160943947,-0.349461,53.760061,3
2020160944233,-0.304906,53.773642,3
2020160944294,-0.092397,53.550305,5
2020160944324,-0.285591,53.767245,3
2020160944428,-0.454883,53.762733,3
2020160944525,-0.353753,53.768623,3
2020160944542,-0.375183,53.760996,3
2020160944549,-0.074662,53.521658,5
2020160944561,-0.451379,53.934168,3
2020160944573,-0.093124,53.536481,5
2020160944581,-0.168702,53.540907,5
2020160944653,-0.388571,53.742956,3
2020160944698,-0.363718,53.743347,3
2020160944730,-0.336229,53.74403,3
2020160944782,-0.373734,53.745093,3
2020160944810,-0.824069,53.527705,4
2020160944854,-0.354127,53.769518,3
2020160945082,-0.333711,53.740615,3
2020160945093,-0.271729,53.757122,3
2020160945111,-0.251754,53.795432,3
2020160945128,-0.612739,53.565694,4
2020160945136,-0.373496,53.728495,3
2020160945152,-0.385465,53.750411,3
2020160945158,-0.656635,53.561377,4
2020160945213,-0.161691,53.913328,2
2020160945247,-0.130618,53.570505,5
2020160945385,-0.866604,53.705256,1
2020160945397,-0.343722,53.740888,3
2020160945406,-0.343309,53.794583,3
2020160945413,-0.150527,53.560036,5
2020160945436,-0.092413,53.57108,5
2020160945527,-0.324474,53.786798,3
2020160945532,-0.304477,53.790319,3
2020160945590,-0.340659,53.795185,3
2020160945591,-0.612856,53.793995,4
2020160945624,-0.200724,54.102103,2
2020160945632,-0.227102,53.604587,5
2020160945979,-0.421446,53.851763,3
2020160945986,-0.340612,53.749403,3
2020160946011,-0.351885,53.749684,3
2020160946035,-0.364614,53.735116,3
2020160946042,-0.124509,53.55021,5
2020160946099,-0.30498,53.759368,3
2020160946200,-0.444813,53.958353,2
2020160946246,-0.075957,53.567302,5
2020160946252,-0.391788,53.741309,3
2020160946258,-0.374434,53.72814,3
2020160946275,-0.250765,53.745088,3
2020160946285,-0.363448,53.781907,3
2020160946322,-0.874719,53.70429,1
2020160946330,-0.082781,53.567007,5
2020160946349,-0.484183,53.724651,3
2020160946360,-0.069131,53.567974,5
2020160946370,-0.364681,53.768917,3
2020160946376,-0.288754,53.766329,3
2020160946431,-0.454469,53.752524,3
2020160946569,-0.616484,53.566627,4
2020160946611,-0.091765,53.564687,5
2020160946666,-0.673867,53.565075,4
2020160946722,-0.099708,53.565002,5
2020160946810,-0.317737,53.744581,3
2020160946833,-0.13843,53.563543,5
2020160946846,-0.294368,53.947359,2
2020160946874,-0.375978,53.750616,3
2020160946884,-0.44233,53.730109,3
2020160946932,-0.877797,53.713308,1
2020160946947,-0.414325,53.732718,3
2020160947006,-0.331921,53.767414,3
2020160947046,-0.39372,53.744724,3
2020160947058,-0.49813,53.866194,3
2020160947066,-0.096585,53.574715,5
2020160947072,-0.297645,53.762563,3
2020160947092,-0.360804,53.742247,3
2020160947103,-0.378778,53.743678,3
2020160947115,-0.337442,53.740963,3
2020160947124,-0.298849,53.750436,3
2020160947148,-0.47046,53.613229,4
2020160947165,-0.386162,53.750421,3
2020160947345,-0.340991,53.673549,3
2020160947430,-0.38317,53.750542,3
2020160947648,-0.273166,53.759822,3
2020160947664,-0.672212,53.584176,4
2020160947716,-0.821388,53.538969,4
2020160947749,-0.050268,53.555838,5
2020160947762,-0.096274,53.563815,5
2020160947771,-0.569488,53.733098,4
2020160947784,-0.397899,53.756043,3
2020160947794,-0.683291,53.578617,4
2020160947803,-0.120807,53.557433,5
2020160947811,-0.388926,53.767762,3
2020160947826,-0.32649,53.796417,3
2020160947868,-0.308897,53.755144,3
2020160947871,-0.344281,53.743269,3
2020160948010,-0.103807,53.566218,5
2020160948011,-0.457767,54.072755,2
2020160948012,-0.777388,53.935078,1
2020160948089,-0.341172,53.746741,3
2020160948272,-0.818145,53.569814,4
2020160948352,-0.090751,53.562037,5
2020160948378,-0.44878,53.721662,3
2020160948407,-0.308108,53.676972,3
2020160948414,-0.457658,53.725489,3
2020160948427,-0.041661,53.549665,5
2020160948494,-0.327759,53.767544,3
2020160948573,-0.879148,53.492234,4
2020160948630,-0.3601,53.753689,3
2020160948769,-0.084247,53.702575,5
2020160948795,-0.079489,53.553658,5
2020160948909,-0.414662,53.587019,3
2020160948919,-0.668562,53.563299,4
2020160949092,-0.632647,53.577195,4
2020160949104,-0.359382,53.747216,3
2020160949155,-0.844064,53.493095,4
2020160949168,-0.325898,53.790296,3
2020160949224,-0.447696,53.856438,3
2020160949230,-0.450926,53.645105,3
2020160949392,-0.341733,53.779865,3
2020160949442,-0.311893,53.766666,3
2020160949456,-0.323221,53.785872,3
2020160949526,-0.568811,53.740066,4
2020160949679,-0.412507,53.744336,3
2020160949683,-0.078215,53.5538,5
2020160949684,-0.01657,53.545863,5
2020160949704,-0.087187,53.568408,5
2020160949708,-0.09611,53.575202,5
2020160949906,-0.212821,54.09289,2
2020160949910,-0.07407,53.565285,5
2020160950118,-0.357554,53.736935,3
2020160950127,-0.395371,53.749933,3
2020160950169,-0.396412,53.841678,3
2020160950228,-0.219488,53.85105,3
2020160950261,-0.167672,53.743127,5
2020160950318,-0.11534,53.547279,5
2020160950445,-0.574143,53.729918,4
2020160950461,-0.600267,53.562034,4
2020160950534,-0.073298,53.572644,5
2020160950863,-0.396874,53.753872,3
2020160951001,-0.328974,53.7786,3
2020160951040,-0.829218,53.832328,1
2020160951048,-0.303066,53.776753,3
2020160951242,-0.906115,53.700491,1
2020160951268,-0.468854,53.750237,3
2020160951270,-0.357968,53.799036,3
2020160951287,-0.909207,53.829289,1
2020160951312,-0.650118,53.604379,4
2020160951316,-0.418018,53.584915,3
2020160951404,-0.289593,53.614485,3
2020160951438,-0.309923,53.756031,3
2020160951443,-0.500969,53.977745,2
2020160951493,-0.273269,53.636626,3
2020160951559,-0.646668,53.563341,4
2020160951595,-0.311777,53.768057,3
2020160951614,-0.215642,53.850669,3
2020160951621,-0.364021,53.773798,3
2020160951627,-0.398868,53.744514,3
2020160951639,-0.271579,53.625796,3
2020160951767,-0.643258,53.594908,4
2020160951824,-0.607825,53.564522,4
2020160951846,-0.260622,53.779255,3
2020160951879,-0.28819,53.766384,3
2020160952042,-0.612674,53.793975,4
2020160952295,-0.545427,53.547554,4
2020160952346,-0.833471,53.764461,1
2020160952352,-0.328268,53.800963,3
2020160952366,-0.375098,53.740796,3
2020160952367,-0.351116,53.751894,3
2020160952387,-0.096632,53.575345,5
2020160952437,-0.353733,53.768362,3
2020160952440,-0.049179,53.547001,5
2020160952461,-0.419228,53.852929,3
2020160952472,-0.653005,53.593912,4
2020160952514,-0.21146,53.615627,5
2020160952537,-0.136798,53.763336,5
2020160952563,-0.818453,53.569044,4
2020160952582,-0.884859,53.743081,1
2020160952609,-0.312097,53.75741,3
2020160952832,-0.174951,53.577015,5
2020160952860,-0.520139,53.724993,3
2020160952975,-0.678366,53.57041,4
2020160952979,-0.331174,53.740732,3
2020160953074,-0.331475,53.767192,3
2020160953089,-0.405261,53.759117,3
2020160953114,-0.582186,53.551861,4
2020160953307,-0.421897,53.781486,3
2020160953316,-0.509513,53.660707,4
2020160953345,-0.437979,53.581509,3
2020160953421,-0.16879,53.551813,5
2020160953539,-0.658499,53.584545,4
2020160953551,-0.202846,53.618761,5
2020160953563,-0.409148,53.833677,3
2020160953599,-0.440471,53.683244,3
2020160953714,-0.078565,53.561384,5
2020160953734,-0.688039,53.589681,4
2020160953743,-0.719918,53.590161,4
2020160953751,-0.358661,53.743143,3
2020160953762,-0.30862,53.772615,3
2020160953798,-0.101678,53.516633,5
2020160953846,-0.236704,54.062636,2
2020160953880,-0.450472,53.771719,3
2020160954013,-0.220693,53.606029,5
2020160954049,-0.346085,53.748679,3
2020160954204,-0.455626,53.804118,3
2020160954209,-0.717452,54.001021,1
2020160954212,-0.091841,53.549235,5
2020160954259,-0.092609,53.538541,5
2020160954473,-0.308526,53.782493,3
2020160954488,-0.3467,53.747321,3
2020160954639,-0.878461,53.722536,1
2020160954641,-0.120153,53.550402,5
2020160954644,-0.128291,53.810658,5
2020160954648,-0.33705,53.582082,3
2020160954671,-0.503091,53.558232,4
2020160954740,-0.312954,53.748154,3
2020160954745,-0.192136,54.082936,2
2020160954753,-0.0264,53.534096,5
2020160954809,-0.477558,53.843418,3
2020160954833,-0.271239,53.772019,3
2020160954893,-0.570887,53.551655,4
2020160955018,-0.444252,53.687077,3
2020160955028,-0.423887,53.524997,4
2020160955053,-0.635205,53.585018,4
2020160955138,-0.42539,53.849172,3
2020160955140,-0.040371,53.526298,5
2020160955153,-0.430809,53.583015,3
2020160955154,-0.159298,53.744248,5
2020160955156,-0.061158,53.572924,5
2020160955423,-0.372934,53.743832,3
2020160955658,-0.053053,53.570491,5
2020160955808,-0.644641,53.579516,4
2020160955816,-0.526706,53.852742,3
2020160955819,-0.483478,53.564601,4
2020160955830,-0.376038,53.750625,3
2020160955951,-0.072786,53.56397,5
2020160956261,-0.35748,53.737266,3
2020160956454,-0.327721,53.767742,3
2020160956459,-0.036451,53.560475,5
2020160956462,-0.373222,53.750884,3
2020160956463,-0.069081,53.568072,5
2020160956464,-0.554149,53.732114,4
2020160956466,-0.437481,53.682216,3
2020160956513,-0.359592,53.783472,3
2020160956543,-0.450066,53.520701,4
2020160956570,-0.273384,53.757101,3
2020160956605,-0.654988,53.579031,4
2020160956664,-0.357108,53.737081,3
2020160956828,-0.145584,53.546367,5
2020160956942,-0.075139,53.566012,5
2020160956948,-0.449233,53.694521,3
2020160957046,-0.357019,53.737026,3
2020160957079,-0.330326,53.777801,3
2020160957094,-0.357221,53.7789,3
2020160957114,-0.669406,53.519541,4
2020160957117,-0.20993,54.094312,2
2020160957126,-0.288228,53.892967,3
2020160957313,-0.269374,53.761646,3
2020160957339,-0.625311,53.788701,4
2020160957372,-0.09817,53.575064,5
2020160957390,-0.910185,53.705948,1
2020160957451,-0.435923,53.71976,3
2020160957466,-0.488328,53.556878,4
2020160957490,-0.301335,53.773025,3
2020160957590,-0.013354,53.536541,5
2020160957591,-0.837892,53.932838,1
2020160957598,-0.583725,53.742059,4
2020160957600,-0.915598,53.771776,1
2020160957601,-0.928731,53.699868,1
2020160957604,-0.40812,53.857205,3
2020160957605,-0.11172,53.548921,5
2020160957661,-0.091661,53.548531,5
2020160957770,-0.29521,53.911755,2
2020160957778,-0.716741,54.003323,1
2020160957788,-0.478518,53.845462,3
2020160957934,-0.67314,53.586398,4
2020160958425,-0.083752,53.560873,5
2020160958504,-0.096312,53.575394,5
2020160958506,-0.520259,53.725021,3
2020160958512,-0.360833,53.751614,3
2020160958530,-0.865072,53.941565,1
2020160958532,-0.490103,53.833123,3
2020160958829,-0.388211,53.753145,3
2020160958830,-0.47153,53.721649,3
2020160958835,-0.449425,53.791903,3
2020160958836,-0.842051,53.466271,4
2020160958840,-0.078366,53.559789,5
2020160958846,-0.381602,53.770009,3
2020160958848,-0.920628,53.916947,1
2020160958850,-0.273061,53.896517,2
2020160958851,0.025,53.73066,5
2020160958857,-0.023,53.55655,5
2020160958866,-0.348674,53.75613,3
2020160958873,-0.732938,53.650902,4
2020160958875,-0.662783,53.596242,4
2020160958881,-0.56373,53.610151,4
2020160958887,-0.618413,53.808756,1
2020160959022,-0.314875,53.750536,3
2020160959143,-0.379235,53.790508,3
2020160959191,0.038581,53.722447,5
2020160959193,-0.323384,53.744049,3
2020160959196,-0.340099,53.603366,3
2020160959198,-0.664716,53.588138,4
2020160959200,-0.24206,54.075496,2
2020160959202,-0.1494,53.745525,5
2020160959296,-0.229933,53.636658,5
2020160959318,-0.650014,53.572062,4
2020160959480,-0.399083,53.737281,3
2020160959482,-0.288004,53.766489,3
2020160959487,-0.051161,53.569921,5
2020160959539,-0.269399,53.626601,3
2020160959753,-0.474296,53.759529,3
2020160959764,-0.03254,53.565688,5
2020160959822,-0.287107,53.776966,3
2020160959846,-0.038898,53.563716,5
2020160960050,-0.397639,53.755707,3
2020160960054,-0.516393,53.73754,3
2020160960183,-0.274044,54.05649,2
2020160960194,-0.345236,53.739813,3
2020160960249,-0.862124,53.736539,1
2020160960251,-0.522958,53.561716,4
2020160960259,-0.268381,53.768472,3
2020160960353,-0.367217,53.743431,3
2020160960355,-0.644886,53.584625,4
2020160960356,-0.362621,53.770776,3
2020160960453,-0.497917,53.555534,4
2020160960591,-0.01205,53.750276,5
2020160960627,-0.273261,53.759724,3
2020160960639,-0.395821,53.739323,3
2020160960672,-0.058343,53.572043,5
2020160960695,-0.103133,53.515784,5
2020160960703,-0.353802,53.768912,3
2020160961007,-0.264882,53.769051,3
2020160961028,-0.299265,53.747251,3
2020160961192,-0.203036,54.094255,2
2020160961209,-0.926715,53.763642,1
2020160961228,-0.388835,53.76776,3
2020160961263,-0.308285,53.777168,3
2020160961288,-0.372993,53.737208,3
2020160961307,-0.140778,53.736771,5
2020160961366,-0.358567,53.743214,3
2020160961459,-0.203258,54.076748,2
2020160961655,-0.353884,53.768364,3
2020160961656,-0.277784,53.774873,3
2020160961738,-0.336229,53.785496,3
2020160961914,-0.385999,53.760603,3
2020160962045,-0.42048,53.59871,3
2020160962055,-0.307078,53.76302,3
2020160962064,-0.656019,53.575105,4
2020160962070,-0.486502,53.551794,4
2020160962145,-0.652018,53.586458,4
2020160962165,-0.314093,53.747352,3
2020160962283,-0.32677,53.811891,3
2020160962333,-0.204486,54.081584,2
2020160962469,-0.359015,53.760524,3
2020160962470,-0.702865,53.631506,4
2020160962570,-0.043329,53.558008,5
2020160962573,-0.429659,53.678392,3
2020160962664,-0.434705,53.717443,3
2020160962734,-0.022912,53.556486,5
2020160962788,-0.072486,53.566922,5
2020160962829,-0.669629,53.565873,4
2020160963071,-0.104828,53.567025,5
2020160963091,-0.837893,53.932829,1
2020160963105,-0.748155,53.556419,4
2020160963133,-0.668621,53.556144,4
2020160963251,-0.201769,54.089616,2
2020160963741,-0.421842,53.733968,3
2020160963768,-0.993596,53.67555,1
2020160963917,-0.258366,53.897437,2
2020160963925,-0.217277,53.758806,3
2020160963938,-0.391227,53.740106,3
2020160963990,-0.251309,53.745518,3
2020160964004,-0.345946,53.762259,3
2020160964024,-0.180353,53.535278,5
2020160964210,-0.458745,53.680828,3
2020160964213,-0.211132,54.095184,2
2020160964258,-0.528068,53.81257,3
2020160964397,-0.33679,53.779356,3
2020160964432,-0.387727,53.732922,3
2020160964492,-0.448997,53.775502,3
2020160964530,-0.074705,53.557618,5
2020160964699,-0.542952,53.545358,4
2020160964846,-0.655767,53.574006,4
2020160964885,-0.417655,53.72397,3
2020160964900,-0.672756,53.584668,4
2020160965024,-0.349208,53.780822,3
2020160965060,-0.347433,53.749884,3
2020160965107,-0.598244,53.761403,4
2020160965123,-0.084824,53.70254,5
2020160965146,-0.441235,53.755625,3
2020160965284,-0.092328,53.552497,5
2020160965311,-0.450774,53.771759,3
2020160965369,-0.370892,53.734285,3
2020160965385,-0.31624,53.618432,3
2020160965419,-0.428823,53.762259,3
2020160965454,-0.045877,53.541356,5
2020160965469,-0.493209,53.561425,4
2020160965516,-0.032777,53.560271,5
2020160965611,-0.084197,53.554048,5
2020160965614,-0.068027,53.522927,5
2020160965771,-0.376503,53.733076,3
2020160965793,-0.087773,53.564129,5
2020160965854,-0.291828,53.758255,3
2020160965895,-0.267194,54.01364,2
2020160965935,-0.403759,53.859538,3
2020160965961,-0.424629,53.744585,3
2020160966030,-0.365373,53.738597,3
2020160966236,-0.233667,54.061117,2
2020160966242,-0.360938,53.751651,3
2020160966259,-0.206539,53.815368,3
2020160966294,-0.815957,53.584885,4
2020160966575,-0.233071,53.74321,3
2020160966876,-0.445209,53.684519,3
2020160966938,-0.348082,53.75267,3
2020160967032,-0.383746,53.77029,3
2020160967053,-0.446736,53.756155,3
2020160967080,-0.361794,53.86451,3
2020160967085,-0.052889,53.554658,5
2020160967132,-0.411812,53.832768,3
2020160967183,-0.024492,53.528725,5
2020160967218,-0.361446,53.743271,3
2020160967273,-0.426748,53.84821,3
2020160967282,-0.343094,53.740664,3
2020160967341,-0.571747,53.500553,4
2020160967365,-0.130794,53.708219,5
2020160967399,-0.521575,53.919843,3
2020160967502,-0.344327,53.74016,3
2020160967556,-0.704971,53.574485,4
2020160967607,-0.005499,53.537013,5
2020160967623,-0.105878,53.732323,5
2020160967643,-0.385655,53.744661,3
2020160967667,-0.410503,53.735571,3
2020160967697,-0.649744,53.570567,4
2020160967768,-0.328372,53.79834,3
2020160967848,-0.317362,53.788523,3
2020160967926,-0.612343,53.653476,4
2020160968118,-0.368461,53.864753,3
2020160968145,-0.119412,53.580047,5
2020160968279,-0.831193,53.603183,4
2020160968435,-0.096679,53.568901,5
2020160968564,-0.838287,53.932896,1
2020160968578,-0.029519,53.557593,5
2020160968613,-0.659854,53.597612,4
2020160968806,-0.40727,53.836717,3
2020160968871,-0.641919,53.589535,4
2020160968889,-0.227603,54.131024,2
2020160968899,-0.011722,53.525618,5
2020160968966,-0.379671,53.743717,3
2020160969071,-0.606363,53.67284,4
2020160969098,-0.317187,53.891867,3
2020160969142,0.123813,53.628577,5
2020160969152,-0.292047,53.778277,3
2020160969177,-0.192081,54.085965,2
2020160969203,-0.364571,53.762758,3
2020160969219,-0.093157,53.5381,5
2020160969245,-0.400176,53.740424,3
2020160969313,-0.353357,53.766712,3
2020160969369,-0.298416,53.762277,3
2020160969418,-0.092695,53.540987,5
2020160969520,-0.169739,53.916274,2
2020160969528,-0.095056,53.519998,5
2020160969531,-0.355022,53.802933,3
2020160969574,-0.818214,53.586309,4
2020160969597,-0.96432,53.672407,1
2020160969614,-0.237525,53.908783,2
2020160969624,-0.353739,53.742986,3
2020160969652,-0.291677,53.764959,3
2020160969869,-0.695035,53.590162,4
2020160969894,-0.316235,53.608292,3
2020160969933,-0.674981,53.771795,1
2020160969939,-0.182963,54.089234,2
2020160969953,-0.087864,53.570145,5
2020160969973,-0.077611,53.567445,5
2020160970006,-0.089965,53.555687,5
2020160970017,-0.3519,53.764391,3
2020160970027,-0.290565,53.780018,3
2020160970117,-0.365444,53.778581,3
2020160970151,-0.045196,53.565329,5
2020160970157,-0.258808,53.781278,3
2020160970228,-0.329258,53.79935,3
2020160970249,-0.359285,53.745813,3
2020160970267,-0.700053,53.87372,1
2020160970271,-0.185897,54.089971,2
2020160970297,-0.306868,53.758064,3
2020160970313,-0.373072,53.743798,3
2020160970367,-0.398292,53.756471,3
2020160970457,-0.771604,54.00031,1
2020160970504,-0.795084,53.630996,4
2020160970532,-0.340969,53.795,3
2020160970558,-0.334182,53.742869,3
2020160970568,-0.399127,53.72973,3
2020160970595,-0.555538,53.731861,4
2020160970624,-0.31019,53.783388,3
2020160970633,-0.358184,53.768612,3
2020160970645,-0.064652,53.567165,5
2020160970662,-0.37624,53.73282,3
2020160970790,-0.814535,53.932026,1
2020160970924,-0.347852,53.743067,3
2020160970930,-0.25912,53.784725,3
2020160971021,-0.684724,53.605007,4
2020160971093,-0.246004,53.609837,5
2020160971115,-0.343388,53.665312,3
2020160971132,-0.385114,53.783288,3
2020160971143,-0.026773,53.535145,5
2020160971145,-0.290635,53.765583,3
2020160971251,-0.087005,53.564746,5
2020160971297,-0.04818,53.569082,5
2020160971375,-0.66608,53.565878,4
2020160971483,-0.330043,53.804053,3
2020160971491,-0.205183,53.587162,5
2020160971615,-0.849292,53.950889,1
2020160971623,-0.029567,53.55754,5
2020160971660,-0.47901,53.854547,3
2020160971682,-0.203208,54.096657,2
2020160971750,-0.6638,53.586042,4
2020160971856,-0.65023,53.567184,4
2020160971939,-0.348777,53.792969,3
2020160971980,-0.39535,53.621424,3
2020160971992,-0.406415,53.587349,3
2020160972261,-0.438442,54.010998,2
2020160972337,-0.193253,54.081856,2
2020160972497,-0.266919,53.600379,5
2020160972519,-0.42606,53.724944,3
2020160972527,-0.099982,53.516444,5
2020160972590,-0.710645,53.868594,1
2020160972620,-0.117097,53.545796,5
2020160972633,-0.665342,53.68286,4
2020160972647,-0.070479,53.574846,5
2020160972652,-0.4374,53.682359,3
2020160972663,-0.349288,53.759042,3
2020160972728,-0.911513,53.832968,1
2020160972832,-0.330314,53.777728,3
2020160972856,-0.3546,53.793543,3
2020160972881,-0.879963,53.709355,1
2020160972968,-0.593618,53.760468,4
2020160973152,-0.479098,53.855456,3
2020160973194,-0.097783,53.575615,5
2020160973212,-0.354039,53.769454,3
2020160973535,-0.825755,53.666877,1
2020160973558,-0.449899,53.858543,3
2020160973563,-0.227559,54.130987,2
2020160973565,-0.076789,53.56727,5
2020160973690,-0.399398,53.77885,3
2020160973697,-0.096903,53.575368,5
2020160973727,-0.091515,53.556476,5
2020160973765,-0.29087,53.757559,3
2020160973829,-0.073787,53.559536,5
2020160973837,-0.902441,53.994511,1
2020160973914,-0.357123,53.7371,3
2020160973923,-0.343446,53.76796,3
2020160973962,-0.555519,53.934791,3
2020160974105,-0.072027,53.5222,5
2020160974234,-0.41249,53.585309,3
2020160974346,-0.447047,53.758847,3
2020160974614,-0.673366,53.585438,4
2020160974808,-0.779547,53.816023,1
2020160974880,-0.449123,53.775369,3
2020160974910,-0.372158,53.743885,3
2020160974987,-0.668639,53.883452,1
2020160975037,-0.338507,53.590372,3
2020160975094,-0.247763,53.778627,3
2020160975121,-0.448103,53.85612,3
2020160975140,-0.653952,53.946162,1
2020160975147,-0.151212,53.507269,5
2020160975153,-0.19559,53.585022,5
2020160975175,-0.193064,54.084451,2
2020160975184,-0.651914,53.591149,4
2020160975207,-0.45427,54.008856,2
2020160975208,-0.354126,53.769545,3
2020160975325,-0.203684,54.079613,2
2020160975347,-0.333068,53.754557,3
2020160975378,-0.500528,53.553005,4
2020160975458,-0.387403,53.776227,3
2020160975467,-0.413757,53.983115,2
2020160975490,-0.450628,53.713048,3
2020160975658,-0.593533,53.760287,4
2020160975816,-0.420566,53.852129,3
2020160975855,-0.255547,53.829897,3
2020160975857,-0.074679,53.558516,5
2020160975916,-0.33749,53.750115,3
2020160975917,-0.395451,53.738284,3
2020160975918,-0.400004,53.828782,3
2020160975936,-0.316635,53.76418,3
2020160976157,-0.343644,53.779909,3
2020160976243,-0.417856,53.74526,3
2020160976279,-0.297718,53.779895,3
2020160976353,-0.558244,53.543485,4
2020160976373,-0.45772,53.764378,3
2020160976411,-0.288976,53.766835,3
2020160976423,-0.03229,53.693319,5
2020160976458,-0.073722,53.571284,5
2020160976470,-0.294392,53.763856,3
2020160976489,-0.521949,53.813816,3
2020160976554,-0.317099,53.655767,3
2020160976571,-0.292841,53.77854,3
2020160976579,-0.675863,53.564971,4
2020160976588,-0.203211,54.076756,2
2020160976595,-0.462003,53.679935,3
2020160976627,-0.344645,53.743265,3
2020160976689,-0.113517,53.555701,5
2020160976697,-0.398887,53.757989,3
2020160976706,-0.317941,53.788846,3
2020160976710,-0.216013,54.112929,2
2020160976717,-0.512634,53.740936,3
2020160976741,-0.269211,53.773006,3
2020160976756,-0.321773,53.773447,3
2020160976763,-0.678763,53.651225,4
2020160976898,-0.668315,53.88361,1
2020160976915,-0.599843,53.761664,4
2020160976920,-0.291987,53.778267,3
2020160977100,-0.271617,53.773544,3
2020160977368,-0.374424,53.757876,3
2020160977370,-0.087385,53.567701,5
2020160977444,-0.652832,53.604122,4
2020160977518,-0.315474,53.752639,3
2020160977574,-0.063294,53.52383,5
2020160977586,-0.339612,53.746306,3
2020160977594,-0.633729,53.569864,4
2020160977600,-0.250808,53.746976,3
2020160977601,-0.138701,53.581454,5
2020160977773,-0.083879,53.565766,5
2020160977809,-0.086949,53.568997,5
2020160977938,-0.425161,53.725067,3
2020160977991,-0.072485,53.566931,5
2020160978007,-0.450955,53.728882,3
2020160978056,-0.271249,53.747767,3
2020160978057,-0.651721,53.604361,4
2020160978075,-0.109531,53.568223,5
2020160978170,-0.073202,53.573424,5
2020160978187,-0.671258,54.017211,1
2020160978191,-0.245593,53.956014,2
2020160978192,-0.253136,53.757024,3
2020160978227,-0.273853,53.751562,3
2020160978232,-0.164924,53.574506,5
2020160978271,-0.876217,53.704934,1
2020160978324,-0.192149,54.085103,2
2020160978325,-0.477732,53.843654,3
2020160978584,-0.432514,53.786973,3
2020160978650,-0.403406,53.753609,3
2020160978697,-0.41465,53.840096,3
2020160978749,-0.048728,53.571284,5
2020160978878,-0.430778,53.845341,3
2020160978920,-0.343336,53.743391,3
2020160979048,-0.378795,53.778304,3
2020160979261,-0.166777,53.719786,5
2020160979270,-0.060821,53.565089,5
2020160979299,-0.058235,53.568805,5
2020160979307,-0.038016,53.562874,5
2020160979320,-0.27051,53.626437,3
2020160979343,-0.359011,53.760614,3
2020160979437,-0.238307,53.632062,5
2020160979438,-0.138199,53.583245,5
2020160979441,-0.030007,53.547721,5
2020160979453,-0.368791,53.730211,3
2020160979486,-0.326489,53.796426,3
2020160979487,-0.09295,53.566863,5
2020160979539,-0.076691,53.554108,5
2020160979605,-0.893256,53.722979,1
2020160979638,-0.416122,53.854264,3
2020160979727,-0.532151,53.961294,3
2020160979747,-0.644742,53.780661,1
2020160979801,-0.352156,53.749715,3
2020160979809,-0.36854,53.774264,3
2020160979883,-0.417535,53.752987,3
2020160979903,-0.91403,53.991138,1
2020160980151,-0.060319,53.572767,5
2020160980175,-0.383342,53.770158,3
2020160980181,-0.624153,53.582519,4
2020160980189,-0.653911,53.533975,4
2020160980262,-0.450688,53.593774,3
2020160980268,-0.289029,53.781974,3
2020160980281,-0.096108,53.563812,5
2020160980356,-0.186662,54.085398,2
2020160980374,-0.174571,54.105539,2
2020160980405,-0.884843,53.743117,1
2020160980408,-0.86072,53.761586,1
2020160980426,-0.664415,53.850804,1
2020160980429,-0.373209,53.750848,3
2020160980475,-0.204274,54.092143,2
2020160980492,-0.33094,53.744729,3
2020160980502,-0.400486,53.737075,3
2020160980520,-0.148682,53.819101,3
2020160980528,-0.226589,54.064069,2
2020160980573,-0.095914,53.57484,5
2020160980597,-0.157899,53.602679,5
2020160980613,-0.35959,53.754707,3
2020160980722,-0.675286,53.771717,1
2020160980727,-0.045197,53.56532,5
2020160980746,-0.339202,53.760935,3
2020160980762,-0.351169,53.768345,3
2020160980823,-0.682293,53.565042,4
2020160980825,-0.434978,53.777064,3
2020160980849,-0.421833,53.787256,3
2020160980857,-0.618155,53.564444,4
2020160980877,-0.09185,53.545352,5
2020160980924,-0.373492,53.787895,3
2020160980928,-0.363006,53.743329,3
2020160980959,-0.435309,53.754272,3
2020160981135,-0.091395,53.567189,5
2020160981144,-0.453818,53.854108,3
2020160981172,-0.772615,53.668439,4
2020160981176,-0.359322,53.746407,3
2020160981178,-0.123079,53.533062,5
2020160981274,-0.6323,53.564076,4
2020160981333,-0.320445,53.786966,3
2020160981366,-0.653019,53.593939,4
2020160981567,-0.435812,53.75337,3
2020160981569,-0.348416,53.754976,3
2020160981587,-0.531105,53.954171,3
2020160981596,-0.08388,53.565748,5
2020160981716,-0.416919,54.020388,2
2020160981783,-0.37322,53.750947,3
2020160981792,-0.58711,53.477418,4
2020160981835,-0.314252,53.749053,3
2020160981892,-0.361427,53.762085,3
2020160981992,-0.608864,53.526852,4
2020160982046,-0.465237,53.679258,3
2020160982083,-0.931172,53.870707,1
2020160982103,-0.334387,53.741541,3
2020160982108,-0.43482,53.840468,3
2020160982140,-0.329257,53.799764,3
2020160982169,-0.25972,53.746377,3
2020160982172,-0.407781,53.857326,3
2020160982193,-0.138715,53.581482,5
2020160982223,-0.357991,53.743206,3
2020160982225,-0.35302,53.599895,3
2020160982228,-0.377339,53.76961,3
2020160982288,-0.797226,53.799078,1
2020160982361,-0.818203,53.569338,4
2020160982391,-0.346616,53.742106,3
2020160982396,-0.271819,53.771947,3
2020160982403,-0.028466,53.53671,5
2020160982404,-0.658737,53.563153,4
2020160982412,-0.322199,53.744104,3
2020160982500,-0.566506,53.679021,4
2020160982504,-0.667506,53.54308,4
2020160982514,-0.703688,53.56951,4
2020160982554,-0.732761,53.650757,4
2020160982585,-0.083062,53.570805,5
2020160982615,-0.391329,53.731505,3
2020160982648,-0.632429,53.568986,4
2020160982667,-0.656152,53.575197,4
2020160982748,-0.656616,53.559111,4
2020160982819,-0.854676,53.708262,1
2020160982856,-0.363801,53.735348,3
2020160982918,-0.59605,53.760793,4
2020160983037,-0.329129,53.751365,3
2020160983147,-0.39334,53.744755,3
2020160983183,-0.66089,53.611682,4
2020160983212,-0.699373,53.873578,1
2020160983341,-0.379974,53.74373,3
2020160983383,-0.566596,53.858592,3
2020160983410,-0.046389,53.737212,5
2020160983411,-0.441222,53.823168,3
2020160983474,-0.864037,53.735317,1
2020160983622,-0.272621,53.757207,3
2020160983664,-0.449159,53.696129,3
2020160983697,-0.274372,53.972566,2
2020160983758,-0.654939,53.593925,4
2020160983792,-0.119528,53.550204,5
2020160983804,-0.612659,53.793984,4
2020160983809,-0.643434,53.574747,4
2020160983813,-0.357878,53.778774,3
2020160983836,-0.55708,53.550203,4
2020160983896,-0.208505,54.09226,2
2020160983929,-0.559439,53.544281,4
2020160983956,-0.274065,53.754918,3
2020160983965,-0.955331,53.706548,1
2020160984169,-0.356645,53.781607,3
2020160984189,-0.349394,53.736625,3
2020160984271,-0.347341,53.748759,3
2020160984281,-0.706792,53.555394,4
2020160984492,-0.104042,53.573782,5
2020160984517,-0.343982,53.740074,3
2020160984600,-0.327577,53.767551,3
2020160984638,-0.147907,53.469236,5
2020160984648,-0.152495,54.112492,2
2020160984754,-0.58208,53.551887,4
2020160984896,-0.781745,53.928776,1
2020160985046,-0.658283,53.574654,4
2020160985113,-0.090417,53.5366,5
2020160985115,-0.396037,53.739236,3
2020160985116,-0.285466,53.747971,3
2020160985129,-0.361552,54.061254,2
2020160985130,-0.187184,53.616251,5
2020160985243,-0.422406,53.733894,3
2020160985281,-0.385465,53.750411,3
2020160985294,-0.066772,53.557751,5
2020160985329,-0.313939,53.78985,3
2020160985358,-0.026412,53.669679,5
2020160985359,-0.274149,53.773967,3
2020160985360,-0.25893,53.897419,2
2020160985387,-0.60147,53.498055,4
2020160985483,-0.19185,54.085638,2
2020160985489,-0.740057,53.638465,4
2020160985492,-0.404646,53.7285,3
2020160985527,-0.119436,53.708778,5
2020160985528,-0.653898,53.586255,4
2020160985651,-0.59793,53.65462,4
2020160985794,-0.086397,53.566849,5
2020160985806,-0.096219,53.574772,5
2020160985834,-0.066866,53.564315,5
2020160985841,-0.423243,53.606108,3
2020160985854,-0.187085,54.09184,2
2020160985880,-0.834997,53.52748,4
2020160985944,-0.431344,53.842401,3
2020160985997,-0.339517,53.739482,3
2020160986034,-0.915294,53.98652,1
2020160986081,-0.38029,53.726844,3
2020160986118,-0.187054,54.09184,2
2020160986195,-0.11349,53.709601,5
2020160986198,-0.253741,53.836055,3
2020160986282,-0.529789,53.514472,4
2020160986301,-0.378358,53.734099,3
2020160986307,-0.229573,53.718204,3
2020160986334,-0.358703,53.76541,3
2020160986367,-0.38268,53.770006,3
2020160986381,-0.675172,53.94247,1
2020160986523,-0.874455,53.703407,1
2020160986524,-0.369872,53.786902,3
2020160986620,-0.564793,53.729833,4
2020160986644,-0.328286,53.747407,3
2020160986660,-0.377337,53.782266,3
2020160986668,-0.207079,54.068589,2
2020160986734,-0.193825,54.080652,2
2020160986737,-0.80867,53.999461,1
2020160986763,-0.342041,53.867555,3
2020160986775,-0.785026,53.924891,1
2020160986938,-0.343228,53.740738,3
2020160986998,-0.273678,53.755829,3
2020160987020,-0.125529,53.577662,5
2020160987035,-0.367608,53.795177,3
2020160987064,-0.129222,53.576129,5
2020160987125,-0.097854,53.572003,5
2020160987143,-0.35935,53.74647,3
2020160987217,-0.399497,53.729591,3
2020160987236,-0.646071,53.590077,4
2020160987248,-0.281941,53.623851,3
2020160987301,-0.344716,53.783124,3
2020160987380,-0.061122,53.575018,5
2020160987484,-0.322799,53.743519,3
2020160987511,-0.424709,53.834898,3
2020160987564,-0.888968,53.70107,1
2020160987709,-0.080433,53.567158,5
2020160987725,-0.416933,53.729049,3
2020160987742,-0.280539,53.769088,3
2020160987871,-0.409454,53.779011,3
2020160987909,-0.224712,53.914743,2
2020160987929,-0.358051,53.75101,3
2020160987947,-0.778432,53.930612,1
2020160988080,-0.806335,53.937014,1
2020160988107,-0.275197,53.748372,3
2020160988135,-0.450376,53.710402,3
2020160988154,-0.083361,53.565191,5
2020160988223,-0.331496,53.767417,3
2020160988234,-0.094301,53.567721,5
2020160988247,-0.091704,53.562349,5
2020160988269,-0.73547,53.84423,1
2020160988281,-0.498734,53.55078,4
2020160988398,-0.63258,53.56523,4
2020160988420,-0.359911,53.767108,3
2020160988422,-0.410362,53.744118,3
2020160988462,-0.639216,53.590412,4
2020160988471,-0.292355,53.764708,3
2020160988488,-0.359619,53.741511,3
2020160988500,-0.325123,53.743039,3
2020160988543,-0.471727,53.736286,3
2020160988547,-0.035057,53.560911,5
2020160988556,-0.879298,53.705861,1
2020160988574,-0.282331,53.613492,3
2020160988597,-0.248713,54.008141,2
2020160988600,-0.421691,53.719385,3
2020160988641,-0.56222,53.803888,3
2020160988668,-0.125999,54.116532,2
2020160988681,-0.327842,53.767734,3
2020160988710,-0.440754,53.851764,3
2020160988714,-0.358568,53.756419,3
2020160988721,-0.354917,53.599696,3
2020160988730,-0.025194,53.756875,5
2020160988748,-0.293745,53.778706,3
2020160988768,-0.047178,53.557046,5
2020160988774,-0.332969,53.742879,3
2020160988851,-0.053578,53.568262,5
2020160988853,-0.334214,53.753566,3
2020160988868,-0.359295,53.743206,3
2020160988885,-0.381084,53.74601,3
2020160989134,-0.174158,53.537925,5
2020160989135,-0.351313,53.763511,3
2020160989166,-0.396927,53.756066,3
2020160989192,-0.330134,53.619588,3
2020160989197,-0.335135,53.772465,3
2020160989220,-0.917086,53.706254,1
2020160989223,-0.623011,53.623729,4
2020160989234,-0.316816,53.752065,3
2020160989293,-0.381752,54.104071,2
2020160989461,-0.184177,53.586944,5
2020160989505,-0.327236,53.767726,3
2020160989540,-0.375795,53.750245,3
2020160989628,-0.250677,53.745023,3
2020160989756,-0.357487,53.737087,3
2020160989873,-0.375659,53.987847,2
2020160990003,-0.288992,53.766809,3
2020160990143,-0.285437,53.755009,3
2020160990168,-0.110169,53.7083,5
2020160990189,-0.122812,53.554094,5
2020160990221,-0.055473,53.562512,5
2020160990233,-0.398078,53.744567,3
2020160990269,-0.403332,53.753563,3
2020160990273,-0.110035,53.548463,5
2020160990293,-0.432346,53.845686,3
2020160990308,-0.639985,53.590008,4
2020160990390,-0.273445,53.756725,3
2020160990392,-0.433553,53.687702,3
2020160990446,-0.376476,53.782938,3
2020160990488,-0.079852,53.574655,5
2020160990515,-0.361554,53.743237,3
2020160990641,-0.409276,53.757229,3
2020160990642,-0.380157,53.672296,3
2020160990652,-0.358074,53.738362,3
2020160990695,-0.437612,53.724474,3
2020160990763,-0.877267,53.705312,1
2020160990784,-0.26829,53.772894,3
2020160990799,-0.664705,53.863688,1
2020160990800,-0.870602,53.703056,1
2020160990822,-0.451566,53.719676,3
2020160990901,-0.184354,53.582812,5
2020160990917,-0.319234,53.774706,3
2020160990943,-0.036428,53.526727,5
2020160991237,-0.593683,53.860216,1
2020160991281,-0.066757,53.563396,5
2020160991286,-0.364947,53.743328,3
2020160991310,0.04001,53.719097,5
2020160991410,-0.83616,53.9705,1
2020160991462,-0.314051,53.777582,3
2020160991545,-0.359221,53.743951,3
2020160991576,-0.365444,53.778572,3
2020160991837,-0.374526,53.743836,3
2020160991969,-0.658119,53.563146,4
2020160991985,-0.109404,53.577858,5
2020160991993,-0.291317,53.77308,3
2020160991994,-0.352176,53.74612,3
2020160992020,-0.542303,53.545781,4
2020160992088,-0.392538,53.77012,3
2020160992170,-0.220526,53.612886,5
2020160992193,-0.362498,53.786802,3
2020160992195,-0.49256,54.017666,2
2020160992284,-0.38595,53.78801,3
2020160992636,-0.367647,53.782027,3
2020160992663,-0.701903,53.872913,1
2020160992669,-0.660895,53.586171,4
2020160992671,-0.443881,53.680304,3
2020160992675,-0.307062,53.763065,3
2020160992689,-0.665655,53.579402,4
2020160992694,-0.303559,53.760373,3
2020160992772,-0.650148,53.604406,4
2020160992816,-0.28376,53.748162,3
2020160992880,-0.060397,53.563788,5
2020160993130,-0.34341,53.746511,3
2020160993225,-0.367665,53.738142,3
2020160993232,-0.448475,54.003847,2
2020160993273,-0.377059,53.786316,3
2020160993275,-0.653705,53.581857,4
2020160993415,-0.33538,53.767435,3
2020160993457,-0.066811,53.571497,5
2020160993511,-0.101763,53.572397,5
2020160993518,-0.456705,53.565473,4
2020160993605,-0.30981,53.756191,3
2020160993635,-0.297268,53.747519,3
2020160993683,-0.577409,53.532711,4
2020160993685,-0.417056,53.854096,3
2020160993726,-0.353943,53.750171,3
2020160993808,-0.656729,53.598449,4
2020160993836,-0.455694,53.762141,3
2020160993896,-0.195176,54.098119,2
2020160993944,-0.448809,53.721707,3
2020160993953,-0.203148,53.598818,5
2020160993995,-0.312487,53.762072,3
2020160994280,-0.417242,53.725664,3
2020160994313,-0.870668,53.70285,1
2020160994377,-0.350188,53.761644,3
2020160994396,-0.262809,53.611403,5
2020160994439,-0.375993,53.750616,3
2020160994586,-0.316052,53.889433,3
2020160994589,-0.316431,53.787512,3
2020160994607,-0.316944,53.787951,3
2020160994616,-0.721441,53.719841,1
2020160994617,-0.346357,53.746777,3
2020160994739,-0.438729,53.749156,3
2020160994766,-0.800206,54.016894,1
2020160994777,-0.06281,53.564519,5
2020160994793,-0.412537,53.585264,3
2020160994859,-0.436862,53.823992,3
2020160994871,-0.040789,53.558416,5
2020160994895,-0.314988,53.765541,3
2020160995125,-0.058283,53.566765,5
2020160995195,-0.119051,53.562305,5
2020160995199,-0.345645,53.739809,3
2020160995204,-0.626331,53.577276,4
2020160995222,-0.346101,53.782657,3
2020160995225,-0.433765,53.68197,3
2020160995244,-0.346145,53.782676,3
2020160995268,-0.317106,53.775926,3
2020160995377,-0.081487,53.567229,5
2020160995457,-0.448684,53.789763,3
2020160995479,-0.362948,53.739355,3
2020160995642,-0.656599,53.561538,4
2020160995660,-0.611885,53.791656,4
2020160995688,-0.421457,53.734124,3
2020160995735,-0.373645,53.754458,3
2020160995804,-0.431563,53.837343,3
2020160995889,-0.325009,53.748197,3
2020160995951,-0.683743,53.58985,4
2020160995979,-0.351814,53.749558,3
2020160996002,-0.291756,53.768241,3
2020160996032,-0.542006,53.72776,4
2020160996075,-0.04088,53.538137,5
2020160996241,-0.098246,53.571011,5
2020160996428,-0.140129,53.549258,5
2020160996523,-0.32233,53.792979,3
2020160996571,-0.329697,53.771077,3
2020160996672,-0.358843,53.743137,3
2020160996691,-0.119901,53.560179,5
2020160996745,-0.616736,53.638983,4
2020160996816,-0.533672,54.022201,2
2020160996819,-0.534514,54.022112,2
2020160996838,-0.455411,53.680911,3
2020160996963,-0.637965,53.580915,4
2020160996973,-0.174128,53.59401,5
2020160996987,-0.252017,53.754032,3
2020160996988,-0.109712,53.561807,5
2020160996997,-0.3592,53.744095,3
2020160997167,-0.442407,53.82481,3
2020160997201,-0.985956,53.686056,1
2020160997250,-0.351871,53.764373,3
2020160997272,0.032434,53.670403,5
2020160997317,-0.327541,53.766544,3
2020160997359,-0.343508,53.779125,3
2020160997368,-0.681252,53.645634,4
2020160997479,-0.778136,53.999702,1
2020160997484,-0.05883,53.534348,5
2020160997500,-0.188359,53.726847,3
2020160997544,-0.29902,53.768354,3
2020160997562,-0.64872,53.59088,4
2020160997621,-0.347161,53.74908,3
2020160997660,-0.436235,54.008812,2
2020160997672,-0.429966,53.750723,3
2020160997689,-0.383968,53.726192,3
2020160997704,-0.457917,53.762331,3
2020160997714,-0.075851,53.557654,5
2020160997719,-0.04108,53.558664,5
2020160997788,-0.268715,53.773987,3
2020160997815,-0.29457,53.866513,3
2020160997827,-0.528052,53.812588,3
2020160997855,-0.204663,53.614779,5
2020160997946,-0.414295,53.852325,3
2020160997979,-0.33176,53.76689,3
2020160997988,-0.139122,54.12176,2
2020160998110,-0.368989,53.677682,3
2020160998435,-0.448778,54.01168,2
2020160998477,-0.195604,53.873652,2
2020160998546,-0.351962,53.764365,3
2020160998711,-0.355024,53.750456,3
2020160998727,-0.28233,53.613518,3
2020160998756,-0.356578,53.750675,3
2020160998803,-0.660117,53.602181,4
2020160998848,-0.577565,53.671189,4
2020160998865,-0.351797,53.753072,3
2020160998914,-0.833514,53.608383,4
2020160998946,-0.64682,53.576557,4
2020160999091,-0.652899,53.52972,4
2020160999127,-0.308188,53.777319,3
2020160999170,-0.28938,53.933327,2
2020160999244,-0.389289,53.753914,3
2020160999304,-0.04111,53.558655,5
2020160999307,-0.424542,53.744899,3
2020160999308,-0.796973,53.679949,1
2020160999316,-0.384448,53.772573,3
2020160999407,-0.313187,53.746881,3
2020160999432,-0.325819,53.796111,3
2020160999458,-0.274409,53.751336,3
2020160999497,-0.33142,53.778526,3
2020160999794,-0.712512,53.849891,1
2020160999873,-0.418144,53.745273,3
2020160999916,-0.324487,53.786843,3
2020160999923,-0.700805,53.873513,1
2020160999951,-0.048429,53.551511,5
2020161000125,-0.167986,53.574616,5
2020161000136,-0.616623,53.566512,4
2020161000164,-0.093164,53.552385,5
2020161000313,-0.110532,53.56271,5
2020161000348,-0.32948,53.770822,3
2020161000350,-0.394964,53.749873,3
2020161000352,-0.188983,54.083015,2
2020161000491,-0.871768,53.703642,1
2020161000496,-0.651553,53.604404,4
2020161000615,-0.760961,53.841071,1
2020161000671,-0.760474,53.90545,1
2020161000866,-0.910647,53.990433,1
2020161000935,-0.391419,53.802573,3
2020161001030,-0.373595,53.753397,3
2020161001145,-0.321295,53.791913,3
2020161001242,-0.886045,53.708522,1
2020161001316,-0.817637,53.585306,4
2020161001359,-0.109868,53.548487,5
2020161001363,-0.410842,53.726991,3
2020161001419,-0.363731,53.77383,3
2020161001443,-0.328032,53.777858,3
2020161001497,-0.18975,54.081903,2
2020161001515,-0.319274,53.780559,3
2020161001648,-0.483415,53.724515,3
2020161001658,-0.375891,53.741868,3
2020161001794,-0.618859,53.566493,4
2020161001936,-0.822144,53.557404,4
2020161002004,-0.368104,53.794905,3
2020161002011,-0.402401,53.778504,3
2020161002021,-0.089278,53.557546,5
2020161002044,-0.091062,53.55414,5
2020161002071,-0.442166,53.728795,3
2020161002077,-0.376434,53.733282,3
2020161002092,-0.323131,53.756135,3
2020161002096,-0.796533,53.921357,1
2020161002111,-0.328145,53.779595,3
2020161002115,-0.684112,53.591607,4
2020161002123,-0.45583,54.0842,2
2020161002131,-0.156048,53.892117,2
2020161002134,-0.02339,53.556925,5
2020161002274,-0.3269,53.746408,3
2020161002363,-0.673565,53.571364,4
2020161002364,-0.677844,53.590081,4
2020161002786,-0.248798,53.744978,3
2020161002819,-0.719838,53.757172,1
2020161002845,-0.656654,53.598448,4
2020161002862,-0.654264,53.57994,4
2020161002926,-0.226552,53.612651,5
2020161002970,-0.138611,53.570782,5
2020161003043,-0.735394,53.844229,1
2020161003091,-0.321356,53.74891,3
2020161003162,-0.608027,53.564327,4
2020161003208,-0.083359,53.500078,5
2020161003326,-0.266195,53.77218,3
2020161003401,-0.111996,53.551209,5
2020161003453,-0.3519,53.793075,3
2020161003481,-0.107898,53.557104,5
2020161003483,-0.345312,53.745585,3
2020161003552,-0.355586,53.743056,3
2020161003573,-0.867321,53.734962,1
2020161003608,-0.248923,54.007883,2
2020161003651,-0.688081,53.589807,4
2020161003864,-0.427154,53.753329,3
2020161003873,-0.211753,54.09887,2
2020161003882,-0.099315,53.549875,5
2020161003994,-0.264524,53.773684,3
2020161004149,-0.557554,53.548681,4
2020161004168,-0.716149,53.602355,4
2020161004179,-0.377865,53.736285,3
2020161004211,-0.35136,53.742944,3
2020161004218,-0.373222,53.787793,3
2020161004233,-0.421276,53.734104,3
2020161004257,-0.329755,53.747832,3
2020161004287,-0.435038,53.754205,3
2020161004346,-0.387494,53.770691,3
2020161004360,-0.557847,53.562708,4
2020161004367,-0.421582,53.734036,3
2020161004412,-0.393377,53.744953,3
2020161004430,-0.298951,53.893102,3
2020161004469,-0.348762,53.748868,3
2020161004479,-0.313988,53.753391,3
2020161004495,-0.347014,53.748593,3
2020161004769,-0.071472,53.576588,5
2020161004807,-0.63048,53.612525,4
2020161004847,-0.18615,54.085938,2
2020161004955,-0.081316,53.527959,5
2020161005011,-0.87267,53.695948,1
2020161005031,-0.381562,53.782117,3
2020161005072,-0.073623,53.575139,5
2020161005207,-0.43662,53.545031,4
2020161005271,-0.399135,53.737506,3
2020161005290,-1.05577,53.682905,1
2020161005353,-0.384727,53.743542,3
2020161005358,-0.374097,53.756118,3
2020161005409,-0.442004,53.852903,3
2020161005478,-0.329268,53.809418,3
2020161005538,-0.423195,53.839202,3
2020161005618,-0.359557,53.741565,3
2020161005825,-0.025883,53.523461,5
2020161005861,-0.660831,53.590593,4
2020161005888,-0.357876,53.755484,3
2020161005937,-0.313717,53.747275,3
2020161005979,-0.352156,53.764826,3
2020161006009,-0.354994,53.793548,3
2020161006021,-0.076462,53.559147,5
2020161006055,-0.358555,53.781669,3
2020161006077,-0.12492,53.550819,5
2020161006136,-0.358671,53.781787,3
2020161006160,-0.375866,53.769626,3
2020161006186,-0.594092,53.477707,4
2020161006261,-0.251805,53.62968,5
2020161006262,-0.657842,53.604825,4
2020161006290,-0.667231,53.569145,4
2020161006292,-0.173868,53.594078,5
2020161006336,-0.211018,53.870691,2
2020161006343,-0.433605,53.722993,3
2020161006407,-0.643603,53.554829,4
2020161006419,-0.298606,53.747799,3
2020161006527,-0.219574,54.081251,2
2020161006540,-0.375045,53.782253,3
2020161006551,-0.361481,53.762653,3
2020161006552,-0.528024,53.812524,3
2020161006663,-0.868325,53.706621,1
2020161006782,-0.311667,53.754914,3
2020161006876,-0.696455,53.712381,4
2020161006877,-0.316076,53.751614,3
2020161006878,-0.273403,53.757371,3
2020161006893,-0.553511,53.749365,4
2020161006923,-0.861163,53.736764,1
2020161007229,-0.387933,53.732286,3
2020161007266,-0.360528,53.751664,3
2020161007282,-0.395174,53.749939,3
2020161007295,-0.772149,53.664137,4
2020161007334,-0.619945,53.618058,4
2020161007734,-0.666108,53.865474,1
2020161007743,-0.658481,53.598477,4
2020161007748,-0.362888,53.743237,3
2020161007755,-0.679626,53.602704,4
2020161007757,-0.360022,53.751405,3
2020161007893,-0.361402,53.743235,3
2020161007926,-0.375831,53.746173,3
2020161007931,-0.317452,53.783598,3
2020161007947,-0.333942,53.767352,3
2020161008016,-0.335721,53.835548,3
2020161008036,-0.390948,53.622291,3
2020161008069,-0.092404,53.542412,5
2020161008095,-0.595554,53.761084,4
2020161008096,-0.369224,53.730784,3
2020161008112,-0.122876,53.581989,5
2020161008121,-0.353275,53.752131,3
2020161008125,-0.825128,53.930143,1
2020161008126,-0.444551,53.679377,3
2020161008140,-0.365413,53.778599,3
2020161008191,-0.116156,53.579538,5
2020161008208,-0.363868,53.77384,3
2020161008209,-0.434099,53.787632,3
2020161008228,-0.410329,53.75264,3
2020161008276,-0.07351,53.572297,5
2020161008401,-0.347722,53.739047,3
2020161008447,-0.395,53.749739,3
2020161008534,-0.532525,53.470207,4
2020161008576,-0.802452,53.791499,1
2020161008624,-0.329546,53.80739,3
2020161008697,-0.261624,53.764536,3
2020161008699,-0.511866,53.978339,2
2020161008707,-0.291753,53.764951,3
2020161008991,-0.394913,53.744857,3
2020161009000,-0.093813,53.518117,5
2020161009015,-0.33233,53.79311,3
2020161009040,-0.616075,53.564339,4
2020161009248,-0.208336,54.093345,2
2020161009428,-0.066615,53.526437,5
2020161009441,-0.30116,53.78149,3
2020161009451,-0.649845,53.896842,1
2020161009475,-0.343051,53.779937,3
2020161009629,-0.348335,53.794958,3
2020161009657,-0.103853,53.566201,5
2020161009658,-0.635233,53.704643,4
2020161009693,-0.058586,53.565763,5
2020161009726,-0.313047,53.746969,3
2020161009758,-0.065542,53.565534,5
2020161009770,-0.795818,53.759145,1
2020161009771,-0.385211,53.776017,3
2020161009794,-0.889842,53.702966,1
2020161009839,-0.323336,53.743733,3
2020161010027,-0.209869,53.766777,3
2020161010030,-0.360487,53.753101,3
2020161010042,-0.378682,53.592757,3
2020161010095,-0.255818,53.755643,3
2020161010162,-0.285563,53.758247,3
2020161010169,-1.040787,53.687955,1
2020161010177,-0.681457,53.564745,4
2020161010258,-0.203062,54.094363,2
2020161010336,-0.656352,53.591766,4
2020161010339,-0.59708,53.684795,4
2020161010361,-0.985438,53.685549,1
2020161010592,-0.653493,53.58474,4
2020161010621,-0.644586,53.569906,4
2020161010622,-0.205244,54.0828,2
2020161010717,-0.328953,53.751596,3
2020161010802,-0.356884,53.778976,3
2020161010976,-0.498332,53.750826,3
2020161010995,-0.31403,53.753464,3
2020161011022,-0.307734,53.753141,3
2020161011040,-0.823599,53.520707,4
2020161011144,-0.196631,53.741804,3
2020161011199,-0.097382,53.573101,5
2020161011291,-0.091647,53.548522,5
2020161011582,-0.285486,53.760511,3
2020161011843,-0.092007,53.549229,5
2020161011884,-0.36536,53.740502,3
2020161011936,-0.318108,53.773648,3
2020161011978,-0.097753,53.574932,5
2020161012606,-0.560957,53.728987,4
2020161012614,-0.408728,53.843568,3
2020161012744,-0.428826,53.743858,3
2020161012771,-0.915506,53.706392,1
2020161013231,-0.37216,53.738734,3
2020161013626,-0.33858,53.753249,3
2020161013646,-0.438783,53.776745,3
2020161013730,-0.343885,53.781494,3
2020161014491,-0.651104,53.566753,4
2020161014528,-0.424674,53.839482,3
2020161014544,-0.30888,53.78275,3
2020161014546,-0.703181,53.569801,4
2020161014949,-0.342063,53.742609,3
